sentence,sentiment
The ship unloader is totally enclosed along the entire conveying line to the storage facilities ,neutral
Marathon estimates the value of its remaining stake in Protalix at $ 27 million ,neutral
The company said that sales in the three months to the end of March slid to EUR86 .4 m US$ 113.4 m from EUR91 .2 m last year ,negative
Ruukki Group calculates that it has lost EUR 4mn in the failed project ,negative
"Basware Corporation stock exchange release August 31 , 2010 at 16:25 Basware signed a large deal with an international industrial group Basware will deliver Invoice Automation solution and Connectivity Services to an international industrial group ",positive
Operating profit rose to EUR 5mn from EUR 2.8 mn in the fourth quarter of 2008 ,positive
